Date shift from current,Total learners,Visits,Video Content Examples,Google Document Example,Image Explorer,PDF,iFrame Example,Scorm Example,H5P Content,Calendar + Quizzes,Discussion,Survey Example,Poll Example,Feedback Gathering,Online Lecture/Conference,Single/Multiple Choice,Free Text Response,Staff Graded Assignments,Numerical Input,Math Expression Assessment
-212,122,366,99,44,55,77,91,,,,,,,,,,,,,
-211,233,233,51,28,23,68,63,,,,,,,,,,,,,
-210,336,336,71,50,44,74,97,,,,,,,,,,,,,
-209,460,920,193,92,120,248,267,,,,,,,,,,,,,
-208,567,1134,238,125,170,238,363,,,,,,,,,,,,,
-207,688,688,179,69,89,165,186,,,,,,,,,,,,,
-206,805,805,193,105,97,242,168,,,,,,,,,,,,,
-205,911,1822,419,219,237,492,455,,,,,,,,,,,,,
-204,1028,3084,740,308,463,617,956,,,,,,,,,,,,,
-203,1141,1141,285,137,137,285,297,,,,,,,,,,,,,
-202,1259,1259,252,126,126,378,377,,,,,,,,,,,,,
-201,1381,4143,1036,621,414,911,1161,,,,,,,,,,,,,
-200,1490,5960,1728,715,834,1192,1491,,,,,,,,,,,,,
-199,1511,1511,438,212,212,317,332,,,,,,,,,,,,,
-198,1535,3070,737,430,338,675,890,,,,,,,,,,,,,
-197,1557,1557,420,218,234,405,280,,,,,,,,,,,,,
-196,1580,1580,332,190,190,348,520,,,,,,,,,,,,,
-195,1602,1602,384,240,176,320,482,,,,,,,,,,,,,
-194,1629,4887,1319,733,733,1368,734,,,,,,,,,,,,,
-193,1654,1654,496,248,182,347,381,,,,,,,,,,,,,
-192,1680,5040,1109,605,756,1310,1260,,,,,,,,,,,,,
-191,1703,1703,511,238,204,426,324,,,,,,,,,,,,,
-190,1732,3464,866,520,381,762,935,,,,,,,,,,,,,
-189,1757,1757,510,176,264,422,385,,,,,,,,,,,,,
-188,1779,3558,783,427,498,890,960,,,,,,,,,,,,,
-187,1805,3610,1083,469,433,1047,578,,,,,,,,,,,,,
-186,1827,3654,987,475,438,1060,694,,,,,,,,,,,,,
-185,1852,3704,1074,519,370,926,815,,,,,,,,,,,,,
-184,1880,3760,1053,564,526,902,715,,,,,,,,,,,,,
-183,1904,3808,952,381,495,1104,876,,,,,,,,,,,,,
-182,1932,3864,850,386,425,850,1353,,,,,,,,,,,,,
-181,1956,5868,1467,587,645,1643,1526,,,,,,,,,,,,,
-180,1980,3960,990,594,554,1148,674,,,,,,,,,,,,,
-179,2002,4004,961,601,440,921,1081,,,,,,,,,,,,,
-178,2025,2025,567,304,304,608,242,,,,,,,,,,,,,
-177,2052,6156,1785,739,923,1477,1232,,,,,,,,,,,,,
-176,2072,4144,1036,580,539,953,1036,,,,,,,,,,,,,
-175,2095,4190,1048,629,629,1089,795,,,,,,,,,,,,,
-174,2119,2119,445,297,275,509,593,,,,,,,,,,,,,
-173,2143,2143,493,279,257,600,514,,,,,,,,,,,,,
-172,2169,2169,477,239,217,434,802,,,,,,,,,,,,,
-171,2193,4386,877,614,570,921,1404,,,,,,,,,,,,,
-170,2217,6651,1796,665,931,1596,1663,,,,,,,,,,,,,
-169,2240,2240,493,224,246,560,717,,,,,,,,,,,,,
-168,2268,2268,454,272,318,680,544,,,,,,,,,,,,,
-167,2289,6867,,,,,,1785,687,1511,1099,1785,,,,,,,,
-166,2312,2312,,,,,,694,416,532,277,393,,,,,,,,
-165,2337,4674,,,,,,1028,654,1309,888,795,,,,,,,,
-164,2364,2364,,,,,,567,331,496,236,734,,,,,,,,
-163,2391,4782,,,,,,1196,813,1291,478,1004,,,,,,,,
-162,2417,4834,,,,,,1305,773,1112,677,967,,,,,,,,
-161,2439,2439,,,,,,707,390,683,293,366,,,,,,,,
-160,2463,4926,,,,,,1182,542,1379,591,1232,,,,,,,,
-159,2490,7470,,,,,,1494,1046,2166,1345,1419,,,,,,,,
-158,2511,2511,,,,,,552,402,578,326,653,,,,,,,,
-157,2530,5060,,,,,,1467,810,1164,911,708,,,,,,,,
-156,2552,2552,,,,,,664,383,510,357,638,,,,,,,,
-155,2572,5144,,,,,,1183,566,1440,772,1183,,,,,,,,
-154,2595,2595,,,,,,727,337,545,363,623,,,,,,,,
-153,2615,5230,,,,,,1098,680,1151,523,1778,,,,,,,,
-152,2638,2638,,,,,,765,264,739,396,474,,,,,,,,
-151,2666,2666,,,,,,613,320,613,453,667,,,,,,,,
-150,2690,5380,,,,,,1237,807,1453,592,1291,,,,,,,,
-149,2710,8130,,,,,,1789,1220,2114,1057,1950,,,,,,,,
-148,2737,8211,,,,,,1724,1478,1642,1067,2300,,,,,,,,
-147,2760,2760,,,,,,552,497,800,359,552,,,,,,,,
-146,2783,5566,,,,,,1670,1002,1392,891,611,,,,,,,,
-145,2807,2807,,,,,,674,281,786,365,701,,,,,,,,
-144,2836,5672,,,,,,1191,567,1475,567,1872,,,,,,,,
-143,2861,5722,,,,,,1488,1030,1144,858,1202,,,,,,,,
-142,2883,5766,,,,,,1211,1153,1442,1153,807,,,,,,,,
-141,2910,2910,,,,,,669,291,873,466,611,,,,,,,,
-140,2936,5872,,,,,,1585,1057,1585,822,823,,,,,,,,
-139,2964,5928,,,,,,1304,1067,1482,771,1304,,,,,,,,
-138,2983,5966,,,,,,1313,656,1313,1074,1610,,,,,,,,
-137,3005,3005,,,,,,902,391,841,391,480,,,,,,,,
-136,3024,3024,,,,,,665,393,696,544,726,,,,,,,,
-135,3048,6096,,,,,,1463,1097,1707,853,976,,,,,,,,
-134,3074,9222,,,,,,2767,1199,2767,1107,1382,,,,,,,,
-133,3098,3098,,,,,,744,558,620,310,866,,,,,,,,
-132,3122,3122,,,,,,781,562,718,468,593,,,,,,,,
-131,3141,3141,,,,,,817,408,628,471,817,,,,,,,,
-130,3168,3168,,,,,,950,317,919,539,443,,,,,,,,
-129,3190,3190,,,,,,670,383,798,510,829,,,,,,,,
-128,3214,3214,,,,,,771,514,675,386,868,,,,,,,,
-127,3237,9711,,,,,,2622,1748,2234,1942,1165,,,,,,,,
-126,3260,3260,,,,,,685,456,880,359,880,,,,,,,,
-125,3283,3283,,,,,,985,361,821,361,755,,,,,,,,
-124,3308,6616,,,,,,1456,1059,1985,1323,793,,,,,,,,
-123,3330,3330,,,,,,966,599,699,333,733,,,,,,,,
-122,3354,6708,,,,,,,,,,,1945,1275,1476,805,1207,,,
-121,3378,10134,,,,,,,,,,,2128,1621,2229,1013,3143,,,
-120,3402,6804,,,,,,,,,,,2041,1293,1565,953,952,,,
-119,3423,3423,,,,,,,,,,,890,342,1027,445,719,,,
-118,3447,10341,,,,,,,,,,,2792,2068,2792,1551,1138,,,
-117,3471,10413,,,,,,,,,,,2916,1562,2916,1562,1457,,,
-116,3499,6998,,,,,,,,,,,1750,1120,1400,1050,1678,,,
-115,3527,3527,,,,,,,,,,,1023,635,846,705,318,,,
-114,3551,3551,,,,,,,,,,,746,533,923,568,781,,,
-113,3577,10731,,,,,,,,,,,2790,2146,3112,2146,537,,,
-112,3599,3599,,,,,,,,,,,1044,504,1080,576,395,,,
-111,3622,7244,,,,,,,,,,,1594,1159,1449,942,2100,,,
-110,3649,3649,,,,,,,,,,,876,438,730,474,1131,,,
-109,3674,7348,,,,,,,,,,,1764,1323,1764,1396,1101,,,
-108,3693,7386,,,,,,,,,,,1477,1477,1847,960,1625,,,
-107,3716,7432,,,,,,,,,,,2007,818,1561,1338,1708,,,
-106,3741,3741,,,,,,,,,,,898,412,973,486,972,,,
-105,3765,3765,,,,,,,,,,,1092,678,979,640,376,,,
-104,3790,11370,,,,,,,,,,,3184,1706,2729,2274,1477,,,
-103,3817,3817,,,,,,,,,,,763,763,1069,649,573,,,
-102,3840,7680,,,,,,,,,,,2074,768,2304,1229,1305,,,
-101,3862,11586,,,,,,,,,,,2317,1274,2317,1506,4172,,,
-100,3886,7772,,,,,,,,,,,1943,1010,1710,1166,1943,,,
-99,3913,3913,,,,,,,,,,,1057,509,900,783,664,,,
-98,3933,3933,,,,,,,,,,,1180,472,787,590,904,,,
-97,3955,7910,,,,,,,,,,,1661,1424,1661,1107,2057,,,
-96,3977,3977,,,,,,,,,,,1153,756,1114,477,477,,,
-95,4002,12006,,,,,,,,,,,3482,2281,3602,1921,720,,,
-94,4027,4027,,,,,,,,,,,886,805,1047,524,765,,,
-93,4049,8098,,,,,,,,,,,1701,810,1782,1620,2185,,,
-92,4076,8152,,,,,,,,,,,2364,1223,2201,897,1467,,,
-91,4101,4101,,,,,,,,,,,1230,738,943,738,452,,,
-90,4128,8256,,,,,,,,,,,1981,908,1816,1321,2230,,,
-89,4151,12453,,,,,,,,,,,2864,1743,2989,1868,2989,,,
-88,4174,8348,,,,,,,,,,,2337,1252,2254,918,1587,,,
-87,4196,12588,,,,,,,,,,,3776,1888,3651,1636,1637,,,
-86,4222,8444,,,,,,,,,,,2280,1604,1942,1351,1267,,,
-85,4247,8494,,,,,,,,,,,1869,1189,2039,849,2548,,,
-84,4271,8542,,,,,,,,,,,1708,1196,2477,1452,1709,,,
-83,4297,8594,,,,,,,,,,,2063,859,2578,1031,2063,,,
-82,4324,8648,,,,,,,,,,,2248,1124,2594,951,1731,,,
-81,4348,4348,,,,,,,,,,,1130,870,1261,478,609,,,
-80,4373,8746,,,,,,,,,,,2012,1137,1837,1662,2098,,,
-79,4400,8800,,,,,,,,,,,2464,968,1848,1496,2024,,,
-78,4430,4430,,,,,,,,,,,1152,665,1196,532,885,,,
-77,4452,8904,658,396,396,460,411,450,663,460,411,396,420,406,683,658,475,678,495,388
-76,4476,13428,1044,604,739,686,746,627,992,739,664,664,671,612,970,1007,619,992,746,306
-75,4501,4501,350,218,223,223,218,240,328,238,205,203,220,210,345,343,235,343,250,109
-74,4527,4527,352,224,214,234,221,206,350,249,211,201,221,201,329,334,246,345,252,137
-73,4548,13644,1061,644,637,652,697,644,1023,652,644,614,606,667,1023,985,659,1008,758,670
-72,4573,13719,1059,625,694,716,762,762,1059,610,640,678,625,671,1021,1067,762,991,762,215
-71,4597,4597,347,220,253,243,248,232,332,253,212,220,227,230,352,332,235,355,255,51
-70,4622,4622,347,223,208,234,229,252,347,254,223,216,218,211,349,339,247,359,257,109
-69,4646,4646,351,227,240,209,235,240,343,253,232,217,227,214,354,343,230,359,258,114
-68,4673,9346,675,436,472,488,462,436,696,519,467,431,436,441,696,680,483,717,519,292
-67,4699,9398,721,418,428,501,480,428,694,517,459,470,433,418,715,700,439,679,522,376
-66,4722,4722,359,220,220,239,223,236,349,254,231,220,231,226,365,352,231,352,262,152
-65,4747,14241,1092,696,641,720,728,688,1044,767,665,712,688,633,1052,1068,760,1092,791,404
-64,4776,9552,700,435,478,494,472,462,690,515,430,462,440,446,743,695,515,743,531,301
-63,4803,9606,726,427,438,496,523,464,747,523,480,454,454,470,715,694,502,736,534,223
-62,4828,4828,365,215,247,231,247,225,367,223,220,215,241,241,370,362,257,367,268,167
-61,4857,4857,375,227,232,264,248,256,351,240,237,224,227,232,370,370,262,351,270,121
-60,4878,9756,743,466,531,482,526,488,743,504,482,444,466,461,748,737,455,710,542,228
-59,4899,9798,746,479,523,479,517,435,719,484,457,435,490,474,746,751,441,729,544,349
-58,4926,4926,361,235,257,260,274,268,361,244,244,219,244,235,364,383,252,375,274,76
-57,4949,9898,770,484,533,539,462,440,737,517,440,473,467,495,770,770,484,731,550,236
-56,4973,9946,757,475,514,536,492,553,757,486,486,486,453,470,729,763,508,718,553,210
-55,4998,14994,1100,750,791,691,683,766,1150,808,750,708,691,750,1091,1141,675,1158,833,458
-54,5025,15075,1106,670,771,687,838,704,1114,704,678,704,720,745,1089,1164,821,1122,838,600
-53,5050,10100,763,494,516,539,483,527,763,449,449,477,466,499,741,769,488,774,561,342
-52,5077,10154,762,485,491,491,474,553,784,474,457,457,479,502,739,767,502,762,564,411
-51,5099,5099,380,238,272,232,244,261,374,269,241,232,246,244,388,385,283,397,283,130
-50,5122,10244,785,495,524,569,524,512,757,467,495,455,484,501,751,757,558,746,569,295
-49,5143,10286,800,457,554,514,480,486,749,514,457,491,503,474,743,760,514,777,571,442
-48,5172,10344,799,488,534,500,534,517,799,483,506,500,511,465,759,764,569,793,575,248
-47,5195,5195,390,231,283,268,242,242,404,257,245,260,251,257,387,384,242,395,289,168
-46,5221,5221,386,252,238,252,255,232,392,281,247,252,261,247,380,383,273,389,290,211
-45,5248,10496,816,525,560,531,571,531,816,542,466,507,484,490,799,805,484,770,583,216
-44,5274,15822,1231,721,738,730,703,703,1187,844,747,774,721,747,1187,1143,774,1143,879,850
-43,5296,5296,394,253,235,250,262,294,412,291,235,241,247,262,397,403,253,394,294,179
-42,5317,5317,402,248,269,269,295,278,390,254,239,254,263,260,402,393,248,414,295,144
-41,5342,10684,807,516,528,493,516,522,825,576,516,528,499,505,831,831,493,795,594,309
-40,5369,16107,1181,752,779,716,859,895,1163,761,752,752,770,743,1199,1190,796,1172,895,732
-39,5395,5395,411,267,285,273,300,294,402,291,258,252,264,249,393,411,276,420,300,49
-38,5421,10842,831,512,572,536,482,536,783,542,542,524,524,512,825,807,590,825,602,297
-37,5450,10900,811,491,545,509,593,503,799,606,491,515,509,491,805,805,557,805,606,459
-36,5479,10958,804,487,499,487,554,566,804,530,493,530,548,530,797,834,548,840,609,498
-35,5501,5501,400,272,254,272,244,266,422,269,260,275,263,272,416,400,303,397,306,210
-34,5525,5525,399,267,252,261,298,246,427,285,264,255,249,261,424,399,264,399,307,268
-33,5550,11100,839,555,611,530,537,512,808,580,549,493,530,549,826,845,543,814,617,362
-32,5573,16719,1300,799,873,808,882,910,1300,892,743,790,808,836,1300,1207,873,1235,929,234
-31,5599,5599,426,261,292,252,286,286,417,292,261,264,258,268,407,414,292,411,311,201
-30,5626,11252,863,556,531,606,550,506,813,519,500,550,513,544,825,869,544,856,625,482
-29,5651,16953,1262,848,914,923,829,801,1319,819,763,782,810,838,1290,1309,819,1309,942,376
-28,5676,5676,423,277,277,268,284,271,419,296,271,271,252,259,426,423,290,426,315,228
-27,5695,11390,823,563,595,614,582,519,842,557,570,544,563,544,854,829,538,880,633,340
-26,5718,5718,432,267,299,286,302,267,422,302,257,283,267,276,438,432,289,438,318,143
-25,5747,5747,418,271,281,262,313,281,447,265,265,275,265,268,434,428,310,425,319,220
-24,5770,5770,430,263,292,317,282,266,446,279,279,285,289,285,446,423,256,420,321,191
-23,5791,5791,444,267,280,286,280,267,447,257,290,286,261,280,450,428,261,428,322,257
-22,5817,5817,420,281,310,265,281,265,433,284,278,268,291,288,423,449,271,443,323,244
-21,5838,5838,454,259,285,324,324,276,435,321,259,272,285,292,422,431,289,428,324,158
-20,5860,11720,866,579,651,606,553,599,846,579,573,521,521,527,853,846,645,912,651,392
-19,5881,5881,444,274,301,261,297,297,454,327,288,268,265,278,425,425,278,457,327,215
-18,5906,11812,899,571,577,545,545,558,886,577,551,545,564,577,912,892,525,886,656,546
-17,5930,5930,445,264,273,290,303,297,438,300,283,290,297,287,441,458,264,448,329,223
-16,5956,11912,867,549,529,642,642,563,874,655,549,596,589,569,893,860,655,913,662,305
-15,5978,17934,1365,857,917,976,966,976,1395,887,827,847,847,857,1295,1335,877,1385,996,329
-14,6002,6002,440,287,320,320,273,293,463,297,277,273,270,300,460,450,317,453,333,176
-13,6027,6027,459,298,281,268,308,308,465,305,271,301,271,298,469,465,278,462,335,185
-12,6050,6050,464,296,286,276,323,336,450,276,303,286,286,296,464,457,286,471,336,158
-11,6075,6075,473,273,321,338,331,280,469,297,304,270,287,284,446,446,300,456,338,162
-10,6099,6099,474,305,291,325,288,288,464,302,295,302,285,291,461,468,295,471,339,155
-9,6121,6121,476,303,289,316,279,275,462,303,306,303,282,282,449,473,289,476,340,218
-8,6148,6148,451,277,290,287,283,273,475,324,304,297,290,297,451,458,314,461,342,274
-7,6173,12346,919,617,604,610,665,617,940,672,597,556,597,576,919,892,590,947,686,342
-6,6193,12386,895,606,564,633,578,647,915,688,564,557,619,571,929,929,599,956,688,448
-5,6221,12442,906,594,657,664,664,594,899,643,622,615,588,567,968,933,560,933,691,344
-4,6243,18729,1373,926,895,832,957,1030,1384,1030,926,895,853,843,1373,1446,988,1457,1041,480
-3,6271,12542,934,613,641,564,606,613,969,662,627,585,599,620,955,920,683,941,697,313
-2,6291,6291,486,304,294,308,294,318,461,339,311,311,311,304,454,458,350,475,350,163
-1,6316,6316,467,295,337,284,281,351,467,319,295,309,309,295,488,477,326,481,351,184
0,6341,6341,493,292,310,342,324,335,461,306,317,296,299,299,483,476,303,472,352,181